145,1st Ave,-73.98168087,40.73097497580066,L,18393
158,103rd St,-73.968379,40.799446000334825,1,12005
457,103rd St,-73.947478,40.79060000008452,4-6,13218
160,103rd St,-73.96137008,40.796060739904526,A_L-A_F-B-C,4724
188,103rd St - Corona Plaza,-73.8627,40.749865000555545,7,19943
97,104th St,-73.837683,40.681711001091195,A_L,1823
13,104th-102nd Sts,-73.844435,40.69516599823373,J-Z,2727
449,110th St,-73.94425,40.795020000113105,4-6,10580
189,111th St,-73.855334,40.75172999941711,7,11280
82,111th St,-73.832163,40.68433100001238,A_L,2620
208,111th St,-73.83679338,40.697114810696476,J,1169
169,116th St,-73.949625,40.802097999133004,2-3,10592
461,116th St,-73.941617,40.798629,4-6,14394
397,116th St,-73.95479778,40.80505813344211,A_L-A_F-B-C,7249
166,116th St - Columbia University,-73.96411,40.807722001230864,1,14777
209,121st St,-73.828349,40.700481998515315,J-Z,2341
286,125th St,-73.958372,40.815580999978934,1,7599
167,125th St,-73.945495,40.807753999182815,2-3,14703
467,125th St,-73.937594,40.804138000587244,4-5-6,27231
398,125th St,-73.952248,40.811071672994565,A_L-A_F-B-C-D,28267
168,135th St,-73.94077,40.814229,2-3,13799
439,135th St,-73.94753481,40.817905559212676,A_L-A_F-B-C,5657
171,137th St - City College,-73.953676,40.82200799968475,1,12464
140,138th St - Grand Concourse,-73.929849,40.81322399958908,4-5,3324
438,14th St,-74.000201,40.737825999728116,1-2-3,15454
443,14th St,-74.00169,40.740893000193296,A_L-A_F-C-E,22185
440,14th St,-73.996209,40.73822799969515,F-M,15454
155,145th St,-73.95036,40.82655099962194,1,9219
172,145th St,-73.936245,40.82042099969279,3,3193
294,145th St,-73.94408793,40.824766360871905,A_L-A_F-B-C-D,22937
46,149th St - Grand Concourse,-73.92738475,40.81830344372315,4,12960
288,149th St - Grand Concourse,-73.92672247,40.81833014409742,2-5,6324
106,15th St - Prospect Park,-73.97973581,40.66003568810021,F-G,6324
410,155th St,-73.941514,40.83051799929251,A_L-A_F-C,3556
295,155th St,-73.938209,40.830135,B-D,2732
156,157th St,-73.94489,40.834041,1,12042
47,161st St - Yankee Stadium,-73.925692,40.82823032742169,4,12821
296,161st St - Yankee Stadium,-73.925651,40.827904998845845,B-D,12821
411,163rd St - Amsterdam Av,-73.939892,40.83601299923096,A_L-A_F-C,4289
290,167th St,-73.9214,40.83553699933672,4,8486
21,167th St,-73.918432,40.83376899862797,B-D,8542
176,168th St,-73.940133,40.840555999148535,1,10040
57,168th St,-73.939561,40.84071899990795,A_L-A_F-C,10040
187,169th St,-73.7934742,40.7105175,F,8004
263,170th St,-73.917791,40.84007499993004,4,7926
175,170th St,-73.9134,40.83930599964156,B-D,6767
255,174th St,-73.8876936,40.837195550170605,2-5,6644
20,174th-175th Sts,-73.910136,40.84589999983414,B-D,4869
179,175th St,-73.939704,40.84739100072403,A_L-A_F,13144
173,176th St,-73.911794,40.84848,4,5518
321,18th Ave,-74.00159259,40.60773573171741,D,6218
307,18th Ave,-73.976971,40.62975466638584,F,3667
315,18th Ave,-73.990454,40.620686997680025,N,3681
202,18th St,-73.997871,40.741039999802105,1-2,8843
177,181st St,-73.933596,40.84950499974065,1,11311
395,181st St,-73.937969,40.851694999744616,A_L-A_F,10542
19,182nd-183rd Sts,-73.900741,40.85609299881864,B-D,4773
406,183rd St,-73.903879,40.85840700040842,4,5641
396,190th St,-73.93418,40.85902199892482,A_L-A_F,4805
178,191st St,-73.929412,40.85522500175836,1,7525
320,20th Ave,-73.99817432,40.60467699816932,D,5037
314,20th Ave,-73.984522,40.617108999866005,N,3692
268,207th St,-73.918819,40.864614000525854,1,5890
153,21st St,-73.9496,40.74412867,G,3898
345,21st St - Queensbridge,-73.94193761,40.75373927087553,F,11184
267,215th St,-73.915279,40.86944399946045,1,1718
272,219th St,-73.86250971,40.883887974625274,2-5,3232
247,225th St,-73.86021462,40.88802825863786,2-5,3898
95,23rd St,-73.995657,40.74408099989751,1-2,14824
91,23rd St,-73.986599,40.739864000474604,4-6,30031
435,23rd St,-73.998041,40.74590599939995,A_L-A_F-C-E,23890
364,23rd St,-73.992765,40.742954317826005,F-M,28776
379,23rd St,-73.989344,40.74130267,N-Q-R-W,23398
266,231st St,-73.904834,40.87885599817935,1,9658
86,233rd St,-73.8573624,40.89314324138378,2-5,4768
5,238th St,-73.90087,40.88466700064975,1,3998
312,25th Ave,-73.986829,40.59770366695856,D,4877
392,25th St,-73.998091,40.66039666692321,D-N-R,3738
198,28th St,-73.993365,40.74721499918219,1-2,15083
199,28th St,-73.984264,40.743069999259035,4-6,19766
143,28th St,-73.988698,40.74545399979951,N-Q-R-W,13144
382,3rd Ave,-73.98575,40.73269099971662,L,5725
26,3rd Ave - 138th St,-73.926138,40.81047600117261,6,8100
289,3rd Ave - 149th St,-73.91779153,40.816029252510006,2-5,22167
303,30th Ave,-73.921479,40.76677866673298,N-W,17906
292,33rd St,-73.930997,40.74458699983993,7,10574
31,33rd St,-73.982076,40.74608099909145,4-6,30368
469,34th St - Hudson Yards,-74.00219709,40.75544635961596,7,18875
357,34th St - Penn Station,-73.991057,40.75037300003949,1-2-3,84975
436,34th St - Penn Station,-73.993391,40.752287000775894,A_L-A_F-C-E,82855
77,36th Ave,-73.929862,40.756442,N-W,6602
388,36th St B,-74.003549,40.65514366633887,D-N-R,13342
9,36th St,-73.92901818,40.75196004401078,E-M-R,4725
154,39th Ave,-73.93285138,40.75276306140845,N-W,2555
381,4th Av - 9th St,-73.988302,40.670846666842756,D-N-R,6282
373,4th Av - 9th St,-73.989779,40.67027166728493,F-G,6282
293,40th St,-73.924016,40.74378100149132,7,10028
59,42nd St - Bryant Pk,-73.984591,40.754184001312545,B-D-F-M,58848
361,42nd St - Port Authority Bus Term,-73.989735,40.757307998551504,A_L-A_F-C-E,87833
387,45th St,-74.010006,40.648938666612814,N-R,7755
238,46th St,-73.918435,40.74313200060382,7,12702
236,46th St,-73.91352175,40.756316952608096,E-M-R,8556
348,47th-50th Sts - Rockefeller Ctr,-73.981331,40.75864100159815,B-D-F-M,63609
353,49th St,-73.98420957,40.759801973870694,N-Q-R-W,23854
141,5th Ave - 53rd St,-73.97524851,40.76008683231326,E-M,27934
355,5th Ave - 59th St,-73.973347,40.764810999755284,N-R-W,15854
465,5th Ave - Bryant Pk,-73.981963,40.75382100064824,7,28985
2,50th St,-73.983849,40.76172799961419,1-2,26712
346,50th St,-73.985984,40.76245599925997,A_L-A_F-C-E,21223
310,50th St,-73.99465878,40.636260890961395,D,3246
84,51st St,-73.97192,40.75710699989316,4-6,33130
235,52nd St,-73.912549,40.744149001021576,7,6079
390,53rd St,-74.014034,40.64506866735981,N-R,8812
61,55th St,-73.99534883,40.63147876093745,D,2141
349,57th St,-73.977368,40.76408500081713,F,14254
354,57th St,-73.98072973,40.76456552501829,N-Q-R-W,35078
386,59th St,-74.017881,40.64136167,N-R,11240
93,59th St - Columbus Circle,-73.981929,40.76824700063689,1-2,36480
352,59th St - Columbus Circle,-73.98164872,40.768249531776064,A_L-A_F-B-C-D,36480
441,6th Ave,-73.99775079,40.73774146981052,L,33944
322,62nd St,-73.99685725,40.626224462922195,D,4736
190,63rd Dr - Rego Park,-73.8616182,40.729763972422425,E-M-R,15567
8,65th St,-73.89878838,40.74971952935675,E-M-R,3554
87,66th St - Lincoln Ctr,-73.982209,40.77344000052039,1-2,22949
66,67th Ave,-73.85286048,40.726505475813006,E-M-R,8881
101,68th St - Hunter College,-73.96387,40.76814100049679,4-6,23430
229,69th St,-73.896403,40.746324999410284,7,4818
347,7th Ave,-73.98169782,40.76297015245628,B-D-E,18475
119,7th Av,-73.97285279,40.67710217983294,B-Q,10209
107,7th Ave,-73.98025118,40.66624469001985,F-G,11880
319,71st St,-73.99884095,40.61925870977273,D,5499
161,72nd St,-73.98197,40.77845300068614,1-2-3,38061
55,72nd St,-73.97633658,40.77551939729258,A_L-A_F-B-C,8651
470,72nd St,-73.95836179,40.76880251014895,Q,31585
230,74th St - Broadway,-73.89120513,40.746867573829114,7,26080
163,75th Ave,-73.83692369,40.71804465348743,E-F,3549
228,75th St - Eldert Ln,-73.867288,40.691290001246735,J-Z,3573
33,77th St,-73.959874,40.77362000074615,4-6,25996
308,77th St,-74.02551,40.629741666886915,R,5595
192,79th St,-73.979917,40.78393399959032,1-2,14918
318,79th St,-74.00058287,40.61315892569516,D,6225
442,8th Ave,-74.002578,40.73977666638199,L,22185
76,8th Ave,-74.011516,40.634970999647166,N,11608
400,8th St - NYU,-73.992508,40.73046499853991,N-Q-R-W,16870
464,80th St,-73.858992,40.67937100115432,A_L-A_F,4274
162,81st St,-73.97209795,40.78134608418206,A_L-A_F-B-C,13420
239,82nd St - Jackson Hts,-73.883697,40.747658999559135,7,15056
206,85th St - Forest Pky,-73.860087,40.69242699966103,J,3669
85,86th St,-73.976218,40.78864400073892,1-2,18221
450,86th St,-73.955589,40.77949199820952,4-5-6,43282
164,86th St,-73.96882849,40.78582304678557,A_L-A_F-B-C,10652
471,86th St,-73.95177091,40.77786104333163,Q,26307
317,86th St,-74.028398,40.62268666715025,R,11233
459,88th St,-73.85147,40.67984300135503,A_L-A_F,2860
389,9th Ave,-73.99444874,40.64648407726636,D,5406
240,90th St - Elmhurst Av,-73.876613,40.74840800060913,7,16365
157,96th St,-73.972323,40.79391900121471,1-2-3,35617
32,96th St,-73.95107,40.78567199998607,4-6,17432
56,96th St,-73.96460246,40.79161879767014,A_L-A_F-B-C,10059
472,96th St,-73.94706602,40.784236650177654,Q,19704
224,Alabama Ave,-73.898526,40.676998000003756,J,5161
256,Allerton Ave,-73.86723423,40.86548337793927,2-5,1594
242,Aqueduct - North Conduit Av,-73.834058,40.668234001699815,A_F,893
123,Aqueduct Racetrack,-73.835919,40.672096999172844,A_F,17180
0,Astor Pl,-73.99107,40.73005400028978,4-6,17180
251,Astoria - Ditmars Blvd,-73.912034,40.775035666523664,N-W,17912
250,Astoria Blvd,-73.918095,40.77003699949086,N-W,2410
115,Atlantic Av - Barclay's Center,-73.97754994,40.68442016526762,2-3-4-5,14500
120,Atlantic Av - Barclay's Center,-73.97678344,40.684488323453685,B-Q,14500
121,Atlantic Av - Barclay's Center,-73.97881,40.683665667279435,D-N-Q-R,14500
193,Atlantic Ave,-73.903097,40.67534466640805,L,1593
343,Ave H,-73.96151794,40.62920837758969,Q,3354
341,Ave I,-73.97606933,40.62501744019143,F,1988
342,Ave J,-73.96069316,40.625022819915166,Q,5826
339,Ave M,-73.95924311,40.617397744443736,Q,5678
337,Ave N,-73.97404851,40.61435671190883,F,2961
336,Ave P,-73.97300282,40.608842808949916,F,2463
324,Ave U,-73.97337642,40.59592482551748,F,1838
330,Ave U,-73.979084,40.597235999920436,N,3156
328,Ave U,-73.95581122,40.59930895095475,Q,7262
333,Ave X,-73.974266,40.589449666625285,F,2530
334,Bay 50th St,-73.983765,40.58884066651933,D,2662
313,Bay Pky,-73.9936762,40.601950461572315,D,7723
338,Bay Pky,-73.97525698,40.62073162316788,F,1193
340,Bay Pky,-73.98178001,40.61145578989005,N,6565
316,Bay Ridge - 95th St,-74.030876,40.61662166725951,R,7677
309,Bay Ridge Ave,-74.023377,40.63496666682377,R,5847
276,Baychester Ave,-73.838591,40.87866300037311,5,3789
15,Beach 105th St,-73.82758075,40.58326843810286,S_R,243
185,Beach 25th St,-73.761353,40.60006600105881,A_F,1720
184,Beach 36th St,-73.768175,40.59539800166876,A_F,951
180,Beach 44th St,-73.776013,40.59294299908617,A_F,699
181,Beach 60th St,-73.788522,40.59237400121235,A_F,2008
204,Beach 67th St,-73.796924,40.59092700078133,A_F,2252
16,Beach 90th St,-73.8136514,40.58809156457325,S_R,946
182,Beach 98th St,-73.82052059,40.58538569133279,S_R,478
105,Bedford - Nostrand Aves,-73.953522,40.68962700158444,G,8866
150,Bedford Ave,-73.956665,40.71717399858899,L,25158
264,Bedford Park Blvd,-73.887138,40.87324399861646,B-D,6911
259,Bedford Park Blvd - Lehman College,-73.890064,40.87341199980121,4,5066
3,Bergen St,-73.97499915,40.68086213682956,2-3-4,3857
375,Bergen St,-73.9907565,40.68611054725977,F-G,11310
129,Beverly Rd,-73.94884798,40.64512351894373,2-5,4277
110,Beverly Rd,-73.9643578,40.64390459860419,Q,3410
456,Bleecker St,-73.994659,40.72591466682659,4-6,19264
405,Borough Hall,-73.989998,40.693218999611084,2-3,11646
122,Borough Hall,-73.990151,40.692403999991036,4-5,11646
280,Botanic Garden,-73.959245,40.670342666584396,S_F,7706
433,Bowery,-73.99380691,40.720246883147254,J-Z,3842
418,Bowling Green,-74.014008,40.70491399928076,4-5,28664
243,Briarwood - Van Wyck Blvd,-73.82069264,40.70916181536946,E-F,4970
326,Brighton Beach,-73.96135379,40.577710196642435,B-Q,11841
98,Broad Channel,-73.81583269,40.60840218069683,A_F-S_R,313
427,Broad St,-74.011056,40.706476001106005,J-Z,7710
70,Broadway,-73.95031226,40.706126576274166,G,4639
78,Broadway,-73.925823,40.761431998800546,N-W,10195
432,Broadway - Lafayette St,-73.996204,40.725296998738045,B-D-F-M,19264
385,Broadway Junction,-73.905316,40.67833366608023,A_L-A_F-C,2604
223,Broadway Junction,-73.90429,40.67936600147369,J-Z,2604
282,Broadway Junction,-73.90311758,40.67845624842869,L,2604
43,Bronx Park East,-73.86835609,40.848768666338934,2-5,2526
291,Brook Ave,-73.91924,40.80756599987699,6,5917
28,Brooklyn Bridge - City Hall,-74.004131,40.713064999433136,4-5-6,20744
132,Brooklyn College - Flatbush Ave,-73.94754121,40.63284240700742,2-5,19572
25,Buhre Ave,-73.832569,40.846809998885504,6,3898
275,Burke Ave,-73.86705362,40.87125880254771,2-5,3250
174,Burnside Ave,-73.907684,40.85345300155693,4,9964
281,Bushwick - Aberdeen,-73.90526176,40.68286062551184,L,2015
89,Canal St,-74.006277,40.72285399778783,1-2,6830
1,Canal St,-74.000193,40.71880300107709,4-6,11907
414,Canal St,-73.99982639,40.71817387697391,J-Z,11907
434,Canal St,-74.00105471,40.718814263587134,N-Q,11907
416,Canal St,-74.001826,40.71946500105898,R-W,11907
409,Canal St - Holland Tunnel,-74.005229,40.72082400007119,A_L-A_F-C-E,21206
218,Canarsie - Rockaway Pkwy,-73.90185,40.64665366739528,L,11060
393,Carroll St,-73.99494698,40.68027335170176,F-G,11814
27,Castle Hill Ave,-73.851222,40.83425499825462,6,6435
165,Cathedral Pkwy (110th St),-73.966847,40.80396699961484,1,11826
6,Cathedral Pkwy (110th St),-73.95806671,40.800581558114956,A_L-A_F-B-C,7382
301,Central Ave,-73.927243,40.69787300011831,M,4473
159,Central Park North (110th St),-73.951822,40.79907499977324,2-3,8470
403,Chambers St,-74.009266,40.71547800011327,1-2-3,20613
360,Chambers St,-74.00858474,40.714111000774025,A_L-A_F-C,14394
413,Chambers St,-74.00340673,40.71323378962671,J-Z,14394
34,Chauncey St,-73.91038357,40.68285130087804,J-Z,3246
194,Christopher St - Sheridan Sq,-74.002906,40.73342200104225,1-2,10089
130,Church Ave,-73.94945514,40.65086069,2-5,9556
111,Church Ave,-73.96288246,40.65049324646484,B-Q,16251
109,Church Ave,-73.97972116,40.64427200012998,F-G,9395
415,City Hall,-74.00698582,40.71327233111697,R-W,6050
445,Clark St,-73.993086,40.69746599996469,2-3,5590
69,Classon Ave,-73.95999,40.68888900026455,G,5453
214,Cleveland St,-73.885194,40.679777998961164,J,2935
447,Clinton - Washington Aves,-73.965838,40.68326299912644,A_L-A_F-C,7139
118,Clinton - Washington Aves,-73.966796,40.68809400106055,G,5208
468,Coney Island - Stillwell Av,-73.981236,40.57728100006751,D-F-N-Q,12819
460,Cortelyou Rd,-73.96379006,40.64094017,Q,6319
425,Cortlandt St,-74.012188,40.711835,1,13871
428,Cortlandt St,-74.01113196,40.71051298,R-W,14394
92,Court Sq,-73.945264,40.74702299889643,7,7867
65,Court Sq - 23rd St,-73.9460547,40.747768121414325,E-M,7867
377,Court St,-73.99181831,40.694196480776995,N-R,11646
226,Crescent St,-73.87392925,40.68315265707736,J-Z,4463
134,Crown Hts - Utica Ave,-73.93293256,40.66897831107809,3-4,25331
254,Cypress Ave,-73.914042,40.805368,6,3462
227,Cypress Hills,-73.873322,40.689616000838754,J,1474
14,DeKalb Ave,-73.98177094,40.690648119969794,B-D-N-Q-R,22000
234,DeKalb Ave,-73.918232,40.70369299961644,L,11214
369,Delancey St - Essex St,-73.98807807,40.71868074219453,F,13343
10,Delancey St - Essex St,-73.9874094,40.71830605618619,J-M-Z,13343
68,Ditmas Ave,-73.978172,40.63611866666291,F,3947
285,Dyckman St,-73.925536,40.86053100138796,1,6624
430,Dyckman St,-73.927271,40.865490998968916,A_L-A_F,6874
219,E 105th St,-73.89954769,40.65046878544699,L,3367
257,E 143rd St - St Mary's St,-73.907657,40.80871900090143,6,1085
49,E 149th St,-73.904098,40.81211799827203,6,4821
284,E 180th St,-73.8733461,40.84186304,2-5,7089
368,East Broadway,-73.990177,40.713855001020406,F,13995
277,Eastchester - Dyre Ave,-73.830834,40.88829999901007,5,4672
128,Eastern Pkwy - Bklyn Museum,-73.96422204,40.67203223545925,2-3-4,4036
248,Elder Ave,-73.879159,40.82858400108929,6,12362
36,Elmhurst Ave,-73.88203475,40.74237007972169,E-M-R,10119
458,Euclid Ave,-73.872106,40.675376998239365,A_L-A_F-C,4388
54,Far Rockaway - Mott Ave,-73.755405,40.603995001687544,A_F,19572
24,Flushing - Main St,-73.83003,40.75959999915012,7,2466
363,Flushing Ave,-73.950234,40.70037666622154,G,8623
371,Flushing Ave,-73.94137735,40.70040440298112,J-M,56503
407,Fordham Rd,-73.901034,40.86280299988937,4,9796
262,Fordham Rd,-73.897749,40.861295998683495,B-D,11587
448,Forest Ave,-73.903075,40.70441200087814,M,4235
244,Forest Hills - 71st Av,-73.84451672,40.72159430953587,E-F-M-R,26477
41,Franklin Ave,-73.95809974,40.67076515344894,2-3-4-5,7706
446,Franklin Ave,-73.956848,40.68137966658742,A_L-A_F-C,3117
287,Franklin Ave - Fulton St,-73.955827,40.68059566598263,S_F,3117
463,Franklin St,-74.006886,40.719318001302135,1-2,5370
17,Freeman St,-73.89175225,40.829987446384116,2-5,4387
422,Fresh Pond Rd,-73.895898,40.70622599823048,M,5882
391,Ft Hamilton Pkwy,-73.99420224,40.640912711444656,D,3983
108,Ft Hamilton Pkwy,-73.975776,40.65078166803418,F-G,5877
311,Ft Hamilton Pkwy,-74.005351,40.63138566722445,N,4468
401,Fulton St,-74.006571,40.70941599925865,2-3,18921
426,Fulton St,-74.009509,40.710367998822136,4-5,18921
359,Fulton St,-74.00762309,40.71016216530185,A_L-A_F-C,18921
117,Fulton St,-73.975375,40.68711899950771,G,18921
412,Fulton St,-74.007938,40.71002266658424,J-Z,18921
300,Gates Ave,-73.922156,40.689583999013905,J-Z,7095
149,Graham Ave,-73.943944,40.714575998363635,L,9346
114,Grand Army Plaza,-73.97095633,40.6752947,2-3-4,7349
67,Grand Ave - Newtown,-73.87722086,40.736813418197144,E-M-R,18531
30,Grand Central - 42nd St,-73.9767133,40.75180742981634,4-5-6,94364
203,Grand Central - 42nd St,-73.976041,40.751431000286864,7,47182
80,Grand Central - 42nd St,-73.979189,40.75276866674217,S_42,15727
431,Grand St,-73.993753,40.71826699954992,B-D,24323
148,Grand St,-73.940497,40.71157600064823,L,6409
191,Grant Ave,-73.86505,40.67704400054478,A_L-A_F,5710
335,Gravesend - 86th St,-73.978189,40.59246500088859,N,2224
137,Greenpoint Ave,-73.954425,40.73126699971465,G,10006
283,Gun Hill Rd,-73.846384,40.86952599962676,5,7022
39,Gun Hill Rd,-73.86613411,40.877839385172024,2-5,4287
74,Halsey St,-73.91663888,40.686415270704344,J,6522
210,Halsey St,-73.903934,40.69551800114878,L,7391
260,Harlem - 148 St,-73.93647,40.82388000080457,3,3707
365,Herald Sq - 34th St,-73.98777189,40.74978939990011,B-D-F-M,3281
144,Herald Sq - 34th St,-73.98793683,40.74964456009442,N-Q-R-W,10776
139,Hewes St,-73.953488,40.70689,J-M,15685
452,High St,-73.990531,40.69933699977884,A_L-A_F-C,3483
96,Houston St,-74.005367,40.728251000730204,1-2,15685
241,Howard Beach - JFK Airport,-73.830301,40.66047600004959,A_F,3483
366,Hoyt - Schermerhorn Sts,-73.98503624,40.68840847580642,A_L-A_F-C-G,11238
404,Hoyt St,-73.9850638,40.69054418535472,2-3,7467
94,Hunters Point Ave,-73.948916,40.74221599986316,7,7039
88,Hunts Point Ave,-73.890549,40.82094799852307,6,10510
18,Intervale Ave,-73.89661738,40.822142131170786,2-5,3140
269,Inwood - 207th St,-73.919899,40.86807199999737,A_L-A_F,9615
252,Jackson Ave,-73.90770194,40.81643746686396,2-5,5167
437,Jackson Hts - Roosevelt Av,-73.89129867,40.74653969115889,E-F-M-R,26080
278,Jamaica - 179th St,-73.783817,40.712645666744045,F,21353
62,Jamaica - Van Wyck,-73.81701287,40.70289855287313,E,4561
246,Jamaica Ctr - Parsons / Archer,-73.80109632,40.70206737621188,E-J-Z,34419
367,Jay St - MetroTech,-73.98721815,40.692470636847084,A_L-A_F-C-F,20728
376,Jay St - MetroTech,-73.98605668,40.69225539645323,N-R,20728
304,Jefferson St,-73.922913,40.706606665988716,L,7221
23,Junction Blvd,-73.869527,40.74914499948836,7,21149
216,Junius St,-73.90244864,40.66358900181724,3-4,2216
63,Kew Gardens - Union Tpke,-73.83037027,40.714034819571026,E-F,25235
329,Kings Hwy,-73.95760874,40.608638645396006,B-Q,19745
325,Kings Hwy,-73.97235531,40.603258405128265,F,3724
331,Kings Hwy,-73.980373,40.60405899980493,N,4363
258,Kingsbridge Rd,-73.897174,40.867760000885795,4,8849
58,Kingsbridge Rd,-73.893509,40.86697799999945,B-D,7957
7,Kingston - Throop Aves,-73.940859,40.67991899941601,A_L-A_F-C,6643
135,Kingston Ave,-73.94215978,40.66948144864978,3-4,4697
302,Knickerbocker Ave,-73.91972,40.69866000123805,M,4522
299,Kosciuszko St,-73.928509,40.69317200129202,J,5562
453,Lafayette Ave,-73.973946,40.68611300020567,A_L-A_F-C,4928
142,Lexington Ave - 53rd St,-73.96907237,40.75746830782865,E-M,33130
48,Lexington Ave - 59th St,-73.967967,40.762526000304575,4-5-6,27454
356,Lexington Ave - 59th St,-73.96737502,40.762708855394564,N-R-W,27454
350,Lexington Ave - 63rd St,-73.96608964,40.76461809442373,F-Q,21574
384,Liberty Ave,-73.896548,40.67454199987086,A_L-A_F-C,2749
215,Livonia Ave,-73.90056237,40.66405727094644,L,2831
152,Long Island City - Court Sq,-73.9438156,40.74630503357145,G,7867
249,Longwood Ave,-73.896435,40.816103999972405,6,3168
75,Lorimer St,-73.947355,40.703844000042096,J-M,5216
71,Lorimer St,-73.950248,40.71407200064717,L,6993
370,Lower East Side - 2nd Ave,-73.989938,40.72340166574911,F,16703
265,Marble Hill - 225th St,-73.909831,40.87456099941789,1,5075
138,Marcy Ave,-73.957832,40.708383000017925,J-M-Z,14255
147,Metropolitan Ave,-73.951424,40.71277400073426,G,6993
22,Mets - Willets Point,-73.845625,40.75462199881262,7,4973
423,Middle Village - Metropolitan Ave,-73.88957723,40.711431305058255,M,3726
90,Middletown Rd,-73.836322,40.84386300128381,6,2061
151,Montrose Ave,-73.93979285,40.70739106438455,L,6515
305,Morgan Ave,-73.933147,40.70615166680729,L,6944
124,Morris Park,-73.860495,40.85436399966426,5,2520
50,Morrison Av - Soundview,-73.874516,40.82952100156747,6,6341
273,Mosholu Pkwy,-73.884655,40.87974999947229,4,8074
261,Mt Eden Ave,-73.914685,40.84443400092679,4,5009
211,Myrtle - Wyckoff Aves,-73.91097572,40.699471062427136,L,5985
232,Myrtle - Wyckoff Aves,-73.912179,40.69945400090837,M,5985
372,Myrtle Ave,-73.935623,40.697195,J-M-Z,5919
362,Myrtle-Willoughby Aves,-73.949067,40.69461899903765,G,18735
136,Nassau Ave,-73.951183,40.724479997808274,G,9841
344,Neck Rd,-73.95507827,40.59532169111695,Q,4401
332,Neptune Ave,-73.97459273,40.580738758491464,F,1456
40,Nereid Ave (238 St),-73.85431531,40.898286515575286,2-5,3394
127,Nevins St,-73.9804068,40.68831058019022,2-3-4-5,10205
212,New Lots Ave,-73.88411071,40.66631493,3-4,5454
222,New Lots Ave,-73.89927796,40.65891477368527,L,4168
323,New Utrecht Ave,-73.996353,40.62484166725887,N,4736
131,Newkirk Ave,-73.94829991,40.63999124275311,2-5,7182
112,Newkirk Ave,-73.96269487,40.63514193733789,B-Q,10514
237,Northern Blvd,-73.90606508,40.752824829236076,E-M-R,6682
274,Norwood - 205th St,-73.878855,40.87481100011182,D,3156
12,Norwood Ave,-73.879626,40.68152000045683,J-Z,8544
444,Nostrand Ave,-73.95042625,40.66993815093054,3-4,4195
126,Nostrand Ave,-73.950426,40.68043800006226,A_L-A_F-C,17352
99,Ocean Pkwy,-73.968501,40.57631166708091,Q,3242
195,Ozone Park - Lefferts Blvd,-73.825798,40.68595099878361,A_L,7434
402,Park Pl,-74.008811,40.713050999077694,2-3,14394
81,Park Pl,-73.957624,40.67477166685263,S_F,1676
462,Parkchester,-73.860816,40.83322599927859,6,15427
113,Parkside Ave,-73.96145344,40.65507304163716,Q,6173
186,Parsons Blvd,-73.803289,40.707571999615695,F,6654
200,Pelham Bay Park,-73.828121,40.85246199951662,6,7020
125,Pelham Pkwy,-73.855359,40.858984999820116,5,8463
38,Pelham Pkwy,-73.86748068,40.85719241,2-5,3225
4,Pennsylvania Ave,-73.89488591,40.66471445143568,3-4,4493
454,President St,-73.9505892,40.667883603536815,2-5,3558
399,Prince St,-73.997702,40.72432866597571,N-Q-R-W,12827
253,Prospect Ave,-73.90177779,40.81948726483844,2-5,6936
380,Prospect Ave,-73.992872,40.66541366712979,D-N-R,5967
60,Prospect Park,-73.9620313,40.66163346,B-Q-S_F,10152
306,Queens Plz,-73.93713824,40.74891771986323,E-M-R,14298
102,Queensboro Plz,-73.94016354,40.750635651014804,7-N-W,14533
37,Ralph Ave,-73.920786,40.678822000873375,A_L-A_F-C,5730
424,Rector St,-74.013783,40.707512999521775,1,8471
421,Rector St,-74.01297456,40.707744756294474,R-W,6926
217,Rockaway Ave,-73.90895834,40.66261748815223,3-4,4780
116,Rockaway Ave,-73.911946,40.678339999883505,A_L-A_F-C,5653
103,Rockaway Blvd,-73.843853,40.680428999588415,A_L-A_F,7450
183,Rockaway Park - Beach 116 St,-73.83559009,40.580955865573515,S_R,660
351,Roosevelt Island - Main St,-73.953235,40.75917199967108,F,7489
220,Saratoga Ave,-73.91633025,40.66152979,3-4,5238
233,Seneca Ave,-73.907582,40.70291899894902,M,3210
327,Sheepshead Bay,-73.95405791,40.58654754707536,B-Q,13908
225,Shepherd Ave,-73.88075,40.67413,A_L-A_F-C,3153
42,Simpson St,-73.8930664,40.823976841237396,2-5,8257
374,Smith - 9th Sts,-73.99589173,40.67364106090412,F-G,4553
417,South Ferry,-74.01316896,40.701730507574474,1,17017
466,Spring St,-73.997141,40.72230099999366,4-6,11230
394,Spring St,-74.003739,40.72622700129312,A_L-A_F-C-E,14756
52,St Lawrence Ave,-73.867618,40.831509,6,4077
298,Steinway St,-73.92052647,40.75698735912575,E-M-R,14640
133,Sterling St,-73.95072891,40.66277299,2-5,5468
245,Sutphin Blvd,-73.810833,40.70541799906764,F,4328
64,Sutphin Blvd - Archer Av,-73.80800472,40.70038242,E-J-Z,23891
72,Sutter Ave,-73.901916,40.66914500061398,L,3446
221,Sutter Ave - Rutland Road,-73.92252119,40.66476678877493,3-4,6724
358,Times Sq - 42nd St,-73.987495,40.75528999995681,1-2-3,105399
196,Times Sq - 42nd St,-73.987691,40.755477001982506,7,52700
79,Times Sq - 42nd St,-73.986768,40.75461199851542,N-Q-R-W,79049
146,Times Sq - 42nd St,-73.986229,40.755983000570076,S_42,26350
170,Tremont Ave,-73.905227,40.850409999510234,B-D,9769
104,Union Sq - 14th St,-73.989951,40.734673000996125,4-5-6,33944
383,Union Sq - 14th St,-73.99066977,40.73476331217923,L,33944
378,Union Sq - 14th St,-73.99053886,40.73587226699812,N-Q-R-W,33944
35,Union St,-73.98311,40.67731566735096,D-N-R,7375
297,Utica Ave,-73.930729,40.67936399950546,A_L-A_F-C,15957
270,Van Cortlandt Park - 242nd St,-73.898583,40.88924800011476,1,7330
45,Van Siclen Ave,-73.88940492,40.665517963059635,3-4,2833
213,Van Siclen Ave,-73.890358,40.67270999906104,A_L-A_F-C,2920
11,Van Siclen Ave,-73.89165773,40.67802821447783,J-Z,2614
100,Vernon Blvd - Jackson Ave,-73.953581,40.74262599969749,7,15151
83,W 4th St - Washington Sq (Lower),-74.00030815,40.732254493367876,B-D-F-M,20969
205,W 4th St - Washington Sq (Upper),-74.000495,40.73233799774325,A_L-A_F-C-E,20969
197,W 8th St - NY Aquarium,-73.97595787,40.576033818103646,F-Q,2471
279,Wakefield - 241st St,-73.85062,40.903125000541245,2,4538
429,Wall St,-74.0091,40.706820999753376,2-3,24618
419,Wall St,-74.011862,40.70755700086603,4-5,19994
271,West Farms Sq - E Tremont Av,-73.87996128,40.84020763241799,2-5,6741
201,Westchester Sq - E Tremont Ave,-73.842952,40.839892001013915,6,6113
420,Whitehall St,-74.01300724,40.703142373599135,R-W,17017
51,Whitlock Ave,-73.886283,40.82652500055904,6,1907
73,Wilson Ave,-73.9039586,40.68886654246024,L,4292
44,Winthrop St,-73.95007935,40.65665931376077,2-5,6499
207,Woodhaven Blvd,-73.852052,40.69370399880105,J-Z,4607
231,Woodhaven Blvd - Queens Mall,-73.86943209,40.73309737380972,E-M-R,20340
455,Woodlawn,-73.878751,40.886037000253324,4,6680
53,Woodside - 61st St,-73.902984,40.745630001138395,7,16684
408,World Trade Center,-74.00974462,40.71256392680817,E,14394
451,York St,-73.986885,40.699742667691574,F,12638
29,Zerega Ave,-73.847036,40.836488000608156,6,2676